{"GLAM_LEO": [{"name": "SOLID BACKGROUND", "color": [78, 57, 53], "visible": true, "is_bg": true}, {"name": "chan_1.png", "color": [113, 88, 69], "visible": true, "is_bg": false}, {"name": "chan_0.png", "color": [3, 16, 15], "visible": true, "is_bg": false}], "HEART_GEME": [{"name": "SOLID BACKGROUND", "color": [151, 156, 162], "visible": true, "is_bg": true}, {"name": "chan_1.png", "color": [113, 88, 69], "visible": true, "is_bg": false}, {"name": "chan_0.png", "color": [3, 16, 15], "visible": true, "is_bg": false}], "PH26028-06_C023\uf028": [{"name": "p0_c0_layer_0.png", "color": [42, 45, 60], "visible": false, "is_bg": false}, {"name": "p0_c2_layer_0.png", "color": [42, 45, 60], "visible": false, "is_bg": false}, {"name": "p0_c4_layer_0.png", "color": [42, 45, 60], "visible": false, "is_bg": false}, {"name": "SOLID BACKGROUND", "color": [42, 45, 60], "visible": true, "is_bg": true}, {"name": "p0_c3_layer_0.png", "color": [167, 197, 235], "visible": false, "is_bg": false}, {"name": "p0_c1_layer_0.png", "color": [167, 197, 235], "visible": true, "is_bg": false}], "PH26041-09 C002": [{"name": "p0_c3_layer_0.png", "color": [222, 164, 201], "visible": true, "is_bg": false}, {"name": "SOLID BACKGROUND", "color": [222, 164, 201], "visible": true, "is_bg": true}, {"name": "p0_c5_layer_0.png", "color": [81, 66, 64], "visible": true, "is_bg": false}, {"name": "p0_c6_layer_0.png", "color": [251, 251, 255], "visible": true, "is_bg": false}, {"name": "p0_c4_layer_0.png", "color": [208, 93, 197], "visible": true, "is_bg": false}], "R_Blue_Mix": [{"name": "SOLID BACKGROUND", "color": [53, 108, 191], "visible": true, "is_bg": true}, {"name": "p0_c3_layer_0.png", "color": [53, 108, 191], "visible": true, "is_bg": false}, {"name": "p0_c4_layer_0.png", "color": [234, 247, 255], "visible": true, "is_bg": false}], "VH26102-03_C002": [{"name": "SOLID BACKGROUND", "color": [3, 16, 15], "visible": false, "is_bg": true}, {"name": "p0_c5_layer_0.png", "color": [3, 16, 15], "visible": true, "is_bg": false}, {"name": "p0_c3_layer_0.png", "color": [251, 251, 255], "visible": true, "is_bg": false}], "VH26145-05_C002": [{"name": "SOLID BACKGROUND", "color": [143, 6, 40], "visible": true, "is_bg": true}, {"name": "p0_c3_layer_0.png", "color": [143, 6, 40], "visible": true, "is_bg": false}, {"name": "p0_c4_layer_0.png", "color": [76, 46, 53], "visible": true, "is_bg": false}], "DISTY_FLORAL": [{"name": "SOLID BACKGROUND", "color": [251, 251, 255], "visible": true, "is_bg": true}, {"name": "chan_5.png", "color": [245, 204, 170], "visible": true, "is_bg": false}, {"name": "chan_4.png", "color": [220, 200, 228], "visible": true, "is_bg": false}, {"name": "chan_2.png", "color": [213, 195, 174], "visible": true, "is_bg": false}, {"name": "chan_1.png", "color": [231, 174, 211], "visible": true, "is_bg": false}, {"name": "chan_3.png", "color": [222, 164, 201], "visible": true, "is_bg": false}, {"name": "chan_0.png", "color": [176, 167, 148], "visible": true, "is_bg": false}], "DWNPT_CC001": [{"name": "SOLID BACKGROUND", "color": [202, 173, 170], "visible": true, "is_bg": true}, {"name": "chan_3.png", "color": [246, 212, 200], "visible": true, "is_bg": false}, {"name": "chan_5.png", "color": [252, 253, 255], "visible": true, "is_bg": false}, {"name": "chan_4.png", "color": [246, 212, 200], "visible": true, "is_bg": false}, {"name": "chan_2.png", "color": [176, 127, 119], "visible": true, "is_bg": false}, {"name": "chan_1.png", "color": [149, 93, 80], "visible": true, "is_bg": false}, {"name": "chan_0.png", "color": [55, 55, 55], "visible": true, "is_bg": false}]}